firstname,lastname,oib
Ivica,Penđer,12345678901
Ana,Kovač,23456789012
Marko,Kovačević,34567890123
Elena,Novak,45678901234
Andrija,Novaković,56789012345
Lucija,Marić,67890123456
Filip,Novosel,78901234567
Marta,Jurić,89012345678
Josip,Pavić,90123456789
Lara,Knežević,10234567890
Nikola,Kovačić,21098765432
Ema,Perić,32109876543
Matija,Radić,43210987654
Klara,Tomljenović,54321098765
Luka,Maras,65432109876
Petra,Martinović,76543210987
Ivan,Katić,87654321098
Sara,Tomić,98765432109
Filip,Dukić,19876543210
Lea,Horvat,21987654321
Andrija,Barić,12345098765
Mia,Grubišić,23451987654
Marko,Matijašević,34561234567
Lana,Lukić,45672345678
Josip,Pavić,56783456789
Elena,Kovač,67894567890
Gabriel,Novak,78905678901
Laura,Jurić,89016789012
Ivan,Knežević,90127890123
Lara,Pavić,10238901234
Luka,Tomljenović,21349012345
Antonija,Perić,32450123456
Petar,Martinović,43561234567
Petra,Novaković,54672345678
Nikola,Maras,65783456789
Sara,Radić,76894567890
Filip,Katić,87905678901
Mia,Dukić,98016789012
Ivan,Horvat,19827890123
Elena,Kovačević,21938901234
Josip,Novak,32149012345
Laura,Novaković,43250123456
Filip,Marić,54361234567
Lana,Novosel,65472345678
Matija,Jurić,76583456789
Marta,Pavić,87694567890
Andrija,Knežević,98705678901
Lucija,Kovačić,19816789012
Anton,Novak,21927890123
Luka,Perić,32138901234
Klara,Martinović,43249012345
Petar,Pavić,54350123456
Ivan,Tomljenović,65461234567
Gabriel,Radić,76572345678
Lea,Tomić,87683456789
Josip,Dukić,98794567890
Mia,Horvat,19805678901
Marko,Barić,21916789012
Sara,Matijašević,32127890123
Filip,Kovač,43238901234
Petra,Kovačević,54349012345
Marta,Novaković,65450123456
Nikola,Novak,76561234567
Elena,Marić,87672345678
Luka,Novosel,98783456789
Lucija,Jurić,19894567890
Laura,Pavić,21905678901
Andrija,Knežević,32116789012
Ivan,Perić,43227890123
Lana,Martinović,54338901234
Josip,Novaković,65449012345
Mia,Tomljenović,76550123456
Marko,Tomić,87661234567
Lea,Kovač,98772345678
Sara,Pavić,19883456789
Ivan,Horvat,21994567890
Gabriel,Kovačević,12345678901
Luka,Novak,23456789012
Filip,Novaković,34567890123
Petra,Marić,45678901234
Andrija,Novosel,56789012345
Matija,Jurić,67890123456
Laura,Perić,78901234567
Josip,Martinović,89012345678
Elena,Tomljenović,90123456789
Marko,Radić,10234567890
Marta,Katić,21098765432
Lana,Dukić,32109876543
Antonija,Horvat,43210987654
Ivan,Kovačević,54321098765
Josip,Novak,65432109876
Lara,Novaković,76543210987
Filip,Marić,87654321098
Gabriel,Novosel,98765432109
Sara,Jurić,19876543210
Mia,Perić,21987654321
Lucija,Martinović,12345098765
Laura,Katić,23451987654
Petar,Tomljenović,34561234567
Nikola,Radić,45672345678
Andrija,Knežević,56783456789
Lea,Kovačić,67894567890
Josip,Novak,78905678901
Marta,Tomić,89016789012
Elena,Pavić,90127890123
Marko,Horvat,10238901234
Ivan,Jurić,21349012345
Luka,Kovač,92387423874
